dataset1_index,dataset2_index,dataset1_name,dataset2_name,distance_meters,name_similarity,combined_score,dataset1_id,dataset2_id,dataset1_x,dataset1_y,dataset2_x,dataset2_y
105,0,Ж.-Д. СТ. СТАРЫЙ ПЕТЕРГОФ,ж.-д. ст. Старый Петергоф,6.5160624213016245,1.0,0.9087751261017771,1869,206,324499.32640873303,6642194.136675665,324494.4993358586,6642189.759640488
148,228,УЛ. Б. ГОРКУШЕНКО,ул. Братьев Горкушенко,18.487132785867903,0.7142857142857143,0.6554658552835636,5517,3188,327047.209189021,6640704.768291791,327031.9003244056,6640715.132303699
126,226,УЛ. ДАШКЕВИЧА,ул. Дашкевича,10.348920389796277,1.0,0.8551151145428519,5465,3186,327386.7326101746,6640629.28183193,327378.2251952934,6640623.3891207315
53,225,"ЭРЛЕРОВСКИЙ БУЛЬВАР, УГОЛ УЛ. АВРОВА","Эрлеровский бульвар, угол ул. Аврова",2.0075454000903385,1.0,0.9718943643987352,919,3185,327434.125685529,6641042.724385867,327432.2074183485,6641043.316407452
145,224,КОНСТАНТИНОВСКАЯ УЛ,Константиновская ул.,15.005810070549567,1.0,0.7899186590123061,5512,3184,327285.61548211664,6641156.3220965685,327283.31237291644,6641171.150111401
143,223,"ОЗЕРКОВАЯ УЛ., 51","Озерковая ул., 51",5.088502691738983,1.0,0.9287609623156541,5506,3114,325974.29172786913,6641312.51128398,325972.7646144717,6641317.365229212
137,222,ПТИЦЕФАБРИКА КРАСНЫЕ ЗОРИ,Птицефабрика Красные зори,9.115264677966293,1.0,0.8723862945084717,5497,3042,329197.2153630712,6639005.9406105215,329194.1659204075,6638997.350561069
260,221,"КРАСНОСЕЛЬСКОЕ ШОССЕ, 54","Красносельское шоссе, 54",17.17640087402418,1.0,0.7595303877636614,6067,3040,335943.3351377053,6634907.590010923,335948.1128467821,6634924.088563677
93,219,"ЧИЧЕРИНСКАЯ УЛ., УГОЛ БОТАНИЧЕСКОЙ УЛ","Чичеринская ул., угол Ботанической ул.",1.6298374292294968,1.0,0.9771822759907869,1776,3031,323744.592337391,6641281.800507348,323743.1104999747,6641282.479129421
57,218,БОТАНИЧЕСКАЯ УЛ,Ботаническая ул.,0.8254171018725115,1.0,0.9884441605737848,1003,3030,323834.336724992,6641365.095441123,323834.7082394286,6641365.832523489
44,216,УЛ. ШАХМАТОВА,ул. Шахматова,10.343694681574002,1.0,0.855188274457964,852,3019,324408.24737880833,6640599.42803924,324401.1146374729,6640606.919101962
91,215,ЧЕБЫШЁВСКАЯ УЛ,Чебышёвская ул.,21.625218982645638,1.0,0.697246934242961,1769,3018,323965.24369750125,6640878.587261121,323959.63012674445,6640857.703345793
92,214,"ЧЕБЫШЁВСКАЯ УЛ., 6","Чебышёвская ул., 6",14.586287576568175,1.0,0.7957919739280455,1770,3017,324106.3327986321,6641090.240248378,324109.5542555137,6641104.466351177
159,213,"ГОСТИЛИЦКОЕ ШОССЕ, 5 КМ","Гостилицкое шоссе, 5 км",3.4745867714185237,1.0,0.9513557852001406,5577,2926,321648.4890464037,6640725.876875717,321645.2037778511,6640724.745609272
276,212,"СОБСТВЕННЫЙ ПР., 34","Собственный пр., 34",33.588571948488024,1.0,0.5297599927211677,6691,2925,324426.7557454321,6643448.560375393,324456.32619026396,6643432.629871384
275,211,БОБЫЛЬСКАЯ ДОРОГА,Бобыльская дорога,7.80642552380346,1.0,0.8907100426667516,6690,2924,324373.802511762,6643409.417754535,324380.9885945311,6643406.368083422
274,210,ОРАНИЕНБАУМСКИЙ СПУСК,Ораниенбаумский спуск,34.05324079275819,1.0,0.5232546289013853,6689,2923,325212.8987285745,6643211.491025287,325240.7843214263,6643191.94577216
97,227,ЭРЛЕРОВСКИЙ БУЛЬВАР,Эрлеровский бульвар,12.133249521647915,1.0,0.8301345066969292,1799,3187,327519.36416829564,6640978.341717445,327521.56826575135,6640990.273091983
262,229,Ж.-Д. СТ. НОВЫЙ ПЕТЕРГОФ,ж.-д. ст. Новый Петергоф,8.542946824033372,1.0,0.8803987444635328,6093,3189,327820.460673786,6640380.037541202,327828.0619314831,6640383.936620819
283,249,УЛ. ДЗЕРЖИНСКОГО,ул. Дзержинского,7.740692705492542,1.0,0.8916303021231045,6816,3475,323317.2442147215,6641577.079077198,323309.93399457,6641574.53368825
279,230,БОБЫЛЬСКАЯ ДОРОГА,Бобыльская дорога,14.316137732962124,1.0,0.7995740717385302,6694,3207,324033.8388409808,6642531.592230596,324037.2852738089,6642545.487334062
281,247,"ЧИЧЕРИНСКАЯ УЛ., УГОЛ БОТАНИЧЕСКОЙ УЛ","Чичеринская ул., угол Ботанической ул.",10.029385575212663,1.0,0.8595886019470227,6794,3471,323761.78721988807,6641348.662870726,323751.7833096293,6641349.377261761
150,246,УЛ. ДЗЕРЖИНСКОГО,ул. Дзержинского,10.099250028005216,1.0,0.8586104996079269,5532,3426,323572.24878872256,6642251.183284222,323573.61662118207,6642241.177091865
151,245,УЛ. ДЗЕРЖИНСКОГО,ул. Дзержинского,14.436738773117904,1.0,0.7978856571763493,5533,3425,323599.5150430477,6642219.684085984,323610.72650927666,6642210.588897618
268,244,БАУШЕВСКАЯ УЛ,Баушевская ул.,8.862762130505622,1.0,0.8759213301729212,6264,3419,323677.69178832485,6642655.561863645,323669.03778619325,6642657.474139694
133,241,УЛ. ДЕМЬЯНА БЕДНОГО,ул. Демьяна Бедного,30.007809124288674,1.0,0.5798906722599585,5493,3371,329512.4845477816,6639881.131439957,329517.58591443184,6639910.702450537
1,240,БИОЛОГИЧЕСКИЙ ИНСТИТУТ,Биологический институт,9.795377699718994,1.0,0.8628647122039341,67,3369,323452.1934357065,6644036.387245251,323459.925577752,6644030.373643695
55,239,БИОЛОГИЧЕСКИЙ ИНСТИТУТ,Биологический институт,17.317641546885884,1.0,0.7575530183435976,988,3368,323514.18732058967,6643984.903492614,323531.0734190651,6643981.061567702
47,238,ЦВЕТОВОДЧЕСКИЙ ПИТОМНИК,Цветоводческий питомник,10.89096235161458,1.0,0.8475265270773957,883,3367,322975.60977666726,6644275.798679006,322966.0044035912,6644280.931891355
18,237,"МОРСКАЯ УЛ., 35","Морская ул., 35",13.31900861415334,1.0,0.8135338794018532,311,3359,321272.64146903215,6645635.534828142,321277.27575570974,6645623.048060047
72,236,"МОРСКАЯ УЛ., 35","Морская ул., 35",13.56683376891975,1.0,0.8100643272351236,1220,3358,321297.842093723,6645586.571727599,321293.12941860536,6645599.293742838
98,235,"ЭРЛЕРОВСКИЙ БУЛЬВАР, УГОЛ УЛ. АВРОВА","Эрлеровский бульвар, угол ул. Аврова",8.23751504837163,1.0,0.8846747893227971,1800,3344,327465.3613328204,6640980.856098658,327472.529647965,6640976.797538303
128,234,УЛ. ЖАРНОВЕЦКОГО,ул. Жарновецкого,3.46765165202462,1.0,0.9514528768716553,5467,3343,326609.45636741706,6640969.191836503,326612.66905882256,6640970.496911947
146,233,УЛ. ЖАРНОВЕЦКОГО,ул. Жарновецкого,13.745191105743874,1.0,0.8075673245195858,5514,3342,326648.9903247822,6640913.426255469,326653.3242687967,6640926.47030422
266,231,УЛ. ДЕГТЯРЕВА,ул. Дегтярёва,13.56315308341766,0.9166666666666666,0.7851158568321528,6223,3265,319035.1207011102,6645892.914526353,319045.26345176983,6645901.919176852
278,209,УЛ. БЕЛОВОЙ,ул. Беловой,25.756251201026505,1.0,0.6394124831856289,6693,2922,324270.12183325033,6643112.423832465,324282.8978001921,6643134.788070539
277,208,УЛ. БЕЛОВОЙ,ул. Беловой,20.546834225260852,1.0,0.712344320846348,6692,2921,324234.11951251986,6643067.888138361,324229.5919599114,6643047.8463404365
61,207,"БУЛЬВАР КРАСНЫХ КУРСАНТОВ,49","бульвар Красного Курсанта, 49",7.564254010081882,0.8214285714285714,0.8405290152874251,1017,2920,324723.8153715997,6642470.583053548,324729.45791716786,6642475.620872346
5,206,"БУЛЬВАР КРАСНЫХ КУРСАНТОВ,49","бульвар Красного Курсанта, 49",4.875720075458526,0.8214285714285714,0.878168490372152,93,2919,324678.79816011566,6642425.315272193,324674.2636633853,6642427.107194529
271,185,ТИМЯШКИНО,Тимяшкино,4.965924714780477,1.0,0.9304770539930733,6531,1975,322591.6494546337,6641268.767842704,322587.4666323306,6641266.091201927
239,184,"ГОСТИЛИЦКОЕ ШОССЕ, 25","Гостилицкое шоссе, 25",4.347615369806897,1.0,0.9391333848227035,5802,1974,323052.1320908455,6641215.006784082,323056.4308760938,6641215.65655696
237,183,ТРОИЦКАЯ ГОРА,Троицкая Гора,3.022251294787102,1.0,0.9576884818729805,5800,1973,323323.2148081184,6641159.6235458,323323.3363840225,6641162.643350792
254,180,КРОПОТКИНСКАЯ УЛ,Кропоткинская ул.,36.492444847824025,1.0,0.48910577213046363,6048,1339,333154.5492511986,6638984.880273352,333126.8042779532,6639008.585019514
39,179,УЛ. ГЛИНКИ,ул. Глинки,11.650055466568679,1.0,0.8368992234680386,700,1338,335839.32441000256,6638532.255709154,335849.5464615458,6638537.844399038
84,178,УЛ. ГЛИНКИ,ул. Глинки,10.651769272937793,1.0,0.8508752301788709,1579,1337,335919.5657619587,6638510.343064783,335910.3369322042,6638515.661794895
29,177,"ПР. БУДЁННОГО, ТРАМВАЙНАЯ ОСТАНОВКА","пр. Будённого, трамвайная остановка",34.20333368728883,1.0,0.5211533283779564,425,1335,337015.1685338539,6638364.4836820215,337010.2698292119,6638330.632969649
46,176,ФРОНТОВАЯ УЛ,Фронтовая ул.,10.277858720626956,1.0,0.8561099779112227,878,1333,333972.1817648534,6638745.061879807,333981.77207654796,6638748.757864315
36,175,ГОЛЬФ-КЛУБ,Гольф-клуб,6.4551999769222945,1.0,0.9096272003230879,557,1332,331116.3108435705,6640218.433589686,331116.44296999194,6640211.979742046
34,174,РЕКТОРСКИЙ ПРОЕЗД,Ректорский проезд,2.2626814883441733,1.0,0.9683224591631814,542,1331,322594.46897772385,6641935.084797514,322594.0373791039,6641932.863660384
81,173,РЕКТОРСКИЙ ПРОЕЗД,Ректорский проезд,10.870346716625182,1.0,0.8478151459672474,1424,1330,322612.515394878,6641900.958037306,322605.02593986667,6641908.836647676
179,172,УЛ. СВЯЗИ,ул. Связи,38.18252352054368,1.0,0.46544467071238843,5691,1322,321418.6400693986,6644319.273843725,321439.2654668153,6644351.406351934
172,171,УЛ. СВЯЗИ,ул. Связи,10.191720226308618,1.0,0.8573159168316793,5684,1321,321392.78393821535,6644319.375382663,321402.8658050827,6644317.883028268
180,169,НОВОГОРСКАЯ УЛ,Новогорская ул.,28.412129365919128,1.0,0.6022301888771322,5692,1319,321824.4408284286,6644536.221030651,321820.82207256084,6644564.401763449
45,1,ФАБРИЧНАЯ УЛ,Фабричная ул.,15.099542666105444,1.0,0.7886064026745236,876,207,325912.3584733098,6642488.671028486,325925.4950229432,6642496.115976603
15,186,"ЛОМОНОСОВ, ВОКЗАЛ","Ломоносов, вокзал",19.90297395340731,1.0,0.7213583646522976,291,2016,319455.3667148766,6646633.160968334,319474.2008006159,6646626.726251048
135,187,ПОСЕЛОК ПТИЦЕФАБРИКИ,Посёлок птицефабрики,42.54068467501665,0.95,0.3894304145497669,5495,2344,329272.9491879597,6639214.379005145,329243.28680794546,6639183.885512979
132,188,УЛ. ДЕМЬЯНА БЕДНОГО,ул. Демьяна Бедного,3.7898293040706403,1.0,0.9469423897430109,5492,2345,329483.40630502795,6639865.258447743,329486.90055,6639863.791117436
160,198,"ГОСТИЛИЦКОЕ ШОССЕ, 5 КМ","Гостилицкое шоссе, 5 км",2.1302422715466416,1.0,0.970176608198347,5578,2750,321847.47002322914,6640852.457511726,321845.3956163837,6640852.94204075
310,205,УЛ. СВЯЗИ,ул. Связи,15.073991184431236,1.0,0.7889641234179627,8262,2811,332404.32891940913,6638221.473084299,332389.34193285054,6638223.090317776
287,204,ИНДУСТРИАЛЬНЫЙ ПАРК МАРЬИНО,индустриальный парк Марьино,24.273528235317336,1.0,0.6601706047055573,7129,2810,329936.94724095083,6637731.13653528,329948.6848136317,6637709.889569366
286,203,ИНДУСТРИАЛЬНЫЙ ПАРК МАРЬИНО,индустриальный парк Марьино,28.037649723136305,1.0,0.6074729038760918,7128,2809,329992.58385413315,6637634.830384875,330002.87111511076,6637660.912602257
118,201,"БСХ, БЫТОВЫЕ ПРИБОРЫ","БСХ, Бытовые приборы",15.654949117647552,1.0,0.7808307123529342,2285,2807,331725.0769823515,6637455.191396685,331718.75880497415,6637440.868056764
291,200,УЛ. НОВЫЕ ЗАВОДЫ,ул. Новые Заводы,27.0541843651368,1.0,0.6212414188880848,7136,2806,330759.6509546791,6637392.72110696,330771.78821776947,6637416.899935227
234,197,"ВОЛХОНСКОЕ ШОССЕ, 62","Волхонское шоссе, 62",6.755037329134538,1.0,0.9054294773921163,5797,2747,332792.524641393,6638544.825469259,332786.3069639907,6638542.185200894
136,189,ПТИЦЕФАБРИКА КРАСНЫЕ ЗОРИ,Птицефабрика Красные зори,6.903202618756363,1.0,0.9033551633374108,5496,2346,329149.4227439645,6638925.510803883,329149.53109098657,6638918.60845158
235,196,"ВОЛХОНСКОЕ ШОССЕ, 62","Волхонское шоссе, 62",4.378661455525824,1.0,0.9386987396226385,5798,2746,332827.81238497625,6638477.8165557515,332831.1920345336,6638480.600553778
232,195,"ВОЛХОНСКОЕ ШОССЕ, 48","Волхонское шоссе, 48",8.019856937100482,1.0,0.8877220028805932,5795,2745,332986.5078529273,6638316.1071582595,332985.0394060621,6638323.9914317895
230,194,"ВОЛХОНСКОЕ ШОССЕ, 48","Волхонское шоссе, 48",8.77367202843563,1.0,0.8771685916019012,5793,2744,333002.2817846889,6638326.49159471,333006.2669679342,6638318.6752250055
228,193,ШКОЛА № 413,Школа № 413,16.610939774899503,1.0,0.767446843151407,5791,2743,333284.3806620471,6638012.317074809,333298.7343822063,6638003.956809395
227,192,ШКОЛА № 413,Школа № 413,8.0927657028447,1.0,0.8867012801601741,5790,2742,333284.62924036616,6638044.062149913,333289.0260207871,6638037.267948072
129,190,"МАСТЕРОВОЙ ПЕР., УГОЛ БУЛЬВАРА РАЗВЕДЧИКА","Мастеровой пер., угол бульвара Разведчиков",12.940072543118971,0.95,0.8038389843963343,5468,2349,326147.3844433407,6641969.612474859,326159.53811751807,6641965.170214014
282,250,"УЛ. ПЕРВОГО МАЯ, УГОЛ ГОСТИЛИЦКОЙ УЛ","ул. Первого Мая, угол Гостилицкой ул.",0.3229467091659333,1.0,0.995478746071677,6812,3476,324300.3382613891,6641939.790585355,324300.6357733896,6641939.916208548
177,166,БЕЗЫМЯННЫЙ ПЕР,Безымянный пер.,14.771173858749094,1.0,0.7932035659775125,5689,1316,321450.18331030465,6643940.605419601,321439.8541040658,6643951.164542465
306,311,КАНАТНЫЙ ПЕР.,Канатный пер.,18.95886150940279,1.0,0.7345759388683608,8126,4414,328837.93641925155,6636794.243244758,328855.830522181,6636787.979099957
302,307,УЛ. ФЕДЮНИНСКОГО,ул. Федюнинского,14.969437093192429,1.0,0.790427880695306,7911,4173,320796.75358676,6644020.334799237,320789.3535789049,6644007.322346331
303,304,"УЛ. ФЕДЮНИНСКОГО, Д. 3","ул. Федюнинского, 3",28.42671097235766,0.8947368421052632,0.5704470990185717,7912,4170,320576.0303700729,6643612.568479546,320556.22614236566,6643592.17557731
298,303,"ИЛИКОВСКИЙ ПР., 1","Иликовский пр., 1",1.510928973682493,1.0,0.978846994368445,7737,4158,318955.1739462528,6646178.322567667,318956.5132877254,6646179.021903626
300,302,ОРАНИЕНБАУМСКИЙ ПР,Ораниенбаумский пр.,6.6609808868630935,1.0,0.9067462675839166,7739,4157,319767.702263511,6644674.8001382025,319772.11571581685,6644669.811139794
295,301,УЛЬЯНОВСКАЯ УЛ.,Ульяновская ул.,28.563556330964587,1.0,0.6001102113664958,7702,4155,321860.0063077578,6641424.712463036,321874.9070152546,6641400.343514221
299,300,"УЛ. ФЕДЮНИНСКОГО, Д.16","ул. Федюнинского, 16",28.87074934704853,0.9,0.5658095091413206,7738,4142,319578.58183501975,6644739.417866507,319601.7285769142,6644722.162475826
296,299,БОТАНИЧЕСКАЯ УЛ,Ботаническая ул.,2.494694773167929,1.0,0.965074273175649,7727,4114,322289.56709384476,6642066.6918132845,322291.49266439094,6642065.1057237275
297,298,УЛ. ДЗЕРЖИНСКОГО,ул. Дзержинского,3.725922247263464,1.0,0.9478370885383114,7728,4113,323351.6774926806,6641527.642433241,323354.618402487,6641529.930127736
285,294,"УЛ. НОВЫЕ ЗАВОДЫ, УГОЛ РОПШИНСКОГО ШОССЕ","ул. Новые Заводы, угол Ропшинского шоссе",10.184750846257586,1.0,0.8574134881523938,7127,4093,328753.6907505052,6637715.543328673,328763.4312364569,6637712.568083603
305,312,"ЧЕБЫШЁВСКАЯ УЛ., ПОЧТА","Чебышёвская ул., почта",6.895383752759909,1.0,0.9034646274613611,8125,4415,324314.63146675646,6641465.4067316465,324316.0672074954,6641472.150985914
243,251,"БОТАНИЧЕСКАЯ УЛ., УГОЛ УЛЬЯНОВСКОЙ УЛ","Ботаническая ул., угол Ульяновской ул.",8.177069692985558,1.0,0.8855210242982021,5806,3477,322227.85453854536,6642064.301031676,322228.2018213619,6642072.470723433
309,313,ЛЕСНИЧЕСТВО,Лесничество,11.078388369419773,1.0,0.844902562828123,8185,4482,317876.9962279764,6643958.023542758,317878.31654638174,6643969.022972206
319,333,"УЛ. ФЕДЮНИНСКОГО, УГОЛ УЛ. СВЯЗИ","ул. Федюнинского, угол ул. Связи",25.679471853155057,1.0,0.6404873940558291,8667,4704,320545.3886873255,6644208.674064692,320563.8397123181,6644190.813634927
316,331,"УЛ. ФЕДЮНИНСКОГО, УГОЛ АСТРОНОМИЧЕСКОЙ УЛ.","ул. Федюнинского, угол Астрономической ул.",1.052196293407558,1.0,0.9852692518922941,8664,4702,320409.44583290134,6642948.717637148,320408.93547824747,6642949.637775815
315,330,"УЛ. ФЕДЮНИНСКОГО, УГОЛ АСТРОНОМИЧЕСКОЙ УЛ.","ул. Федюнинского, угол Астрономической ул.",2.507677183965727,1.0,0.9648925194244797,8663,4701,320451.73499411374,6643055.605269143,320452.44805476954,6643053.2011083
317,329,УЛ. РОЖДЕСТВЕНСКОГО,ул. Рождественского,37.67292609453968,1.0,0.4725790346764444,8665,4700,321409.68351448706,6641637.584181295,321376.4866337052,6641655.394753068
318,328,УЛ. РОЖДЕСТВЕНСКОГО,ул. Рождественского,20.586610862065818,1.0,0.7117874479310785,8666,4699,321442.76941210916,6641605.017163036,321460.8942567179,6641595.255065173
323,326,НИКОЛАЕВСКАЯ БОЛЬНИЦА,Николаевская больница,4.43223585482785,1.0,0.9379486980324101,8677,4686,327422.93125649646,6641555.57507246,327427.0998810333,6641554.069322101
322,325,НИКОЛАЕВСКАЯ БОЛЬНИЦА,Николаевская больница,22.757483864636825,1.0,0.6813952258950844,8676,4685,327446.0179326681,6641562.145739751,327467.47536677157,6641554.56407809
321,324,ПЛ. АВРОВА,пл. Аврова,15.649085916111801,1.0,0.7809127971744347,8675,4684,327655.5834682627,6641490.073075877,327640.6646597292,6641494.79780253
314,323,"КЛАДБИЩЕ ИЛИКИ, АДМИНИСТРАЦИЯ","кладбище Илики, Администрация",7.332668927059367,1.0,0.8973426350211688,8636,4668,317456.36903421883,6642334.644511294,317449.32167317753,6642332.618990139
313,322,"КЛАДБИЩЕ ИЛИКИ, АДМИНИСТРАЦИЯ","кладбище Илики, Администрация",11.71828662995583,1.0,0.8359439871806182,8635,4667,317410.31638473837,6642231.386236413,317410.1650984153,6642243.1035464285
117,317,УЛ. СВЯЗИ,ул. Связи,41.60242681263606,1.0,0.4175660246230951,2284,4515,332417.06627376983,6638275.990791465,332408.75474477274,6638235.227077179
311,316,"СОБСТВЕННЫЙ ПР., 18","Собственный пр., 18",5.700522406339901,1.0,0.9201926863112413,8306,4488,324895.6480282587,6643307.119339249,324889.98464795214,6643306.469663016
312,315,"СОБСТВЕННЫЙ ПР., 18","Собственный пр., 18",12.405096837450909,1.0,0.8263286442756872,8307,4487,325016.9585129755,6643250.173826111,325005.4272660295,6643254.747311807
308,314,ЛЕСНИЧЕСТВО,Лесничество,18.7954220871917,1.0,0.7368640907793162,8184,4483,317896.4864539923,6643989.166940481,317900.3563355295,6644007.559653939
222,292,УЛ. ШАХМАТОВА,ул. Шахматова,8.579551386710905,1.0,0.8798862805860472,5782,4000,324462.051842982,6640655.774250101,324460.0913373533,6640647.421698415
269,291,ЗАЯЧИЙ РЕМИЗ,Заячий Ремиз,13.390103294963513,1.0,0.8125385538705108,6266,3999,325331.8206896323,6641049.470110886,325319.8502086981,6641055.470315253
106,290,ЗАЯЧИЙ РЕМИЗ,Заячий Ремиз,46.451673568948294,1.0,0.34967657003472385,1870,3998,325363.7332591888,6641016.227734827,325322.13163396704,6641036.893231586
139,289,"МАРЬИНО, 2",Марьино-2,6.926396421345111,1.0,0.9030304501011683,5501,3990,328480.380306746,6636976.494838941,328473.512614858,6636975.594963662
294,268,ПР. ВЕТЕРАНОВ,пр. Ветеранов,32.87752144010092,1.0,0.5397146998385871,7460,3754,337002.2062543484,6637207.334674325,337000.3152287513,6637174.511581262
194,267,АЛЛЕЯ ГОРДОВЦЕВ,аллея Гордовцев,31.427920060521775,1.0,0.5600091191526951,5706,3730,315071.95990029,6647758.6355469925,315044.1451965895,6647773.26621401
192,266,АЛЛЕЯ ГОРДОВЦЕВ,аллея Гордовцев,25.182306143300163,1.0,0.6474477139937976,5704,3729,315121.43351152574,6647774.105950037,315146.53243227664,6647776.1535632415
170,265,ТРАНСПОРТНЫЙ ПЕР,Транспортный пер.,21.6204155559267,1.0,0.6973141822170261,5677,3728,317467.13279221545,6646970.600031759,317483.55828315986,6646984.658680913
107,263,ОЧИСТНЫЕ СООРУЖЕНИЯ,Очистные сооружения,43.37560434183076,1.0,0.3927415392143694,1892,3653,325138.6817784764,6643505.04781582,325099.10207647574,6643522.792962806
113,262,ОЧИСТНЫЕ СООРУЖЕНИЯ,Очистные сооружения,4.1776771193472335,1.0,0.9415125203291386,2253,3652,325146.70880302286,6643521.100426754,325147.8017149725,6643517.068240054
284,261,БРОНКА,Бронка,9.653505706539997,1.0,0.86485092010844,6877,3546,315142.4105778078,6648261.748680936,315132.7610709743,6648261.47084952
112,260,КОНСТАНТИНОВСКАЯ УЛ,Константиновская ул.,12.640287417264895,1.0,0.8230359761582915,2252,3511,327251.5349900951,6641230.557160129,327242.82572085294,6641221.3960742075
147,259,УЛ. ДАШКЕВИЧА,ул. Дашкевича,7.847102564442222,1.0,0.8901405640978088,5515,3510,327449.07225696906,6640573.606304025,327454.3992565924,6640579.36825627
30,258,ФОНТАНЫ,Фонтаны,6.075672649371273,1.0,0.9149405829088022,513,3503,326954.4920580134,6642122.565960922,326957.1749351112,6642117.114725409
153,257,ЛЕСНАЯ УЛ,Лесная ул.,2.9488334306292088,1.0,0.9587163319711911,5537,3483,323338.1755008395,6642352.177280782,323335.9579767586,6642350.233520109
152,255,ЛЕСНАЯ УЛ,Лесная ул.,12.432371969029964,1.0,0.8259467924335804,5536,3481,323320.049410925,6642382.477000953,323309.2856441865,6642376.255650748
155,254,"УЛ. ПЕРВОГО МАЯ, 89","ул. Первого Мая, 89",11.494732631277428,1.0,0.839073743162116,5539,3480,322943.1928899409,6642549.559671914,322943.6355814793,6642561.045876791
241,253,"АСТРОНОМИЧЕСКАЯ УЛ., угол УЛЬЯНОВСКОЙ УЛ","Астрономическая ул., угол Ульяновской ул.",11.194671657282049,1.0,0.8432745967980513,5804,3479,321911.43923722336,6641406.561716695,321914.7074693658,6641417.2686925605
242,252,"АСТРОНОМИЧЕСКАЯ УЛ., угол УЛЬЯНОВСКОЙ УЛ","Астрономическая ул., угол Ульяновской ул.",15.422308899298391,1.0,0.7840876754098225,5805,3478,321913.4670813208,6641357.518380182,321928.22415793804,6641361.999038783
120,269,ОХОТНИЧЬЯ УЛ,Охотничья ул.,32.58919196787853,1.0,0.5437513124497005,4121,3864,332374.41979220934,6637578.478739532,332362.1402206727,6637548.291531049
125,271,УЛ. КОММУНЫ,ул. Коммуны,6.513006839393697,1.0,0.9088179042484881,4311,3866,333470.96946104197,6637822.575129767,333475.1822248682,6637827.542209295
12,288,"КРАСНОСЕЛЬСКОЕ ШОССЕ, 32","Красносельское шоссе, 32",3.1541527972374426,1.0,0.9558418608386758,254,3979,335925.68272061704,6635237.646227687,335926.0010811322,6635240.784272691
292,285,ОРАНИЕНБАУМСКИЙ ПР,Ораниенбаумский пр.,4.094528484318634,1.0,0.9426766012195391,7421,3939,319820.3041857899,6644602.69961579,319823.99371409684,6644604.475156378
17,284,МОРДВИНОВКА,Мордвиновка,10.659408682753472,1.0,0.8507682784414514,310,3938,322567.2017849215,6644453.537086414,322561.52108702733,6644462.556657629
71,283,МОРДВИНОВКА,Мордвиновка,12.824839465160302,1.0,0.8204522474877558,1219,3937,322616.25701382366,6644391.200196552,322629.0805836423,6644391.380652679
90,282,ЦВЕТОВОДЧЕСКИЙ ПИТОМНИК,Цветоводческий питомник,9.708511430063378,1.0,0.8640808399791127,1765,3936,322890.965777161,6644282.523209991,322900.6718749694,6644282.306739388
163,280,УЛ. ЖОРЫ АНТОНЕНКО,ул. Жоры Антоненко,8.519599509978198,1.0,0.8807256068603051,5649,3934,322011.54218248825,6644782.046430617,322019.5746003961,6644779.206740781
178,279,УЛ. КИПРЕНСКОГО,ул. Кипренского,46.99472999438257,1.0,0.34207378007864403,5690,3933,321486.87168847007,6644118.43384377,321448.64306744665,6644145.76655644
114,277,"ЛОМОНОСОВ, ВОКЗАЛ","Ломоносов, вокзал",13.821066106445896,1.0,0.8065050745097575,2254,3931,319332.05030319066,6646678.136039837,319319.62137365516,6646684.181168365
264,275,МУЗЕЙ-ЗАПОВЕДНИК ОРАНИЕНБАУМ,Музей-заповедник Ораниенбаум,26.6819559443087,1.0,0.6264526167796782,6194,3929,318900.68768872856,6646019.046919062,318891.7158236357,6645993.918600181
116,273,Ж.-Д. СТ. СТРЕЛЬНА,ж.-д. ст. Стрельна,2.938070490253139,1.0,0.9588670131364561,2283,3868,333795.68576671364,6637987.0738759395,333798.6171530514,6637986.875804376
171,168,НОВОГОРСКАЯ УЛ,Новогорская ул.,19.12605095685357,1.0,0.73223528660405,5683,1318,321805.1640314681,6644528.743770976,321821.9862966938,6644537.844167554
193,62,ПОЛИГОННЫЙ ПЕР,Полигонный пер.,31.186574113987763,1.0,0.5633879624041713,5705,537,319217.40368379897,6644119.308245928,319248.1472414852,6644124.546190731
206,60,УЛ. ФЕДЮНИНСКОГО ПО ОРАНИЕНБАУМСКОМУ ПР,ул. Федюнинского (Ораниенбаумский пр.),16.786817777207844,0.7894736842105263,0.7018266563822481,5724,535,319757.13245578966,6644582.851044607,319766.4314893399,6644596.826924763
205,59,"ШВЕЙЦАРСКАЯ УЛ., УГОЛ ОРАНИЕНБАУМСКОГО ПР",Швейцарская ул. (Ораниенбаумский пр.),18.25178057059761,0.7435897435897436,0.6675519950885566,5721,534,319971.92315561953,6644988.463000491,319965.8249026737,6644971.2601284925
211,57,АЛЕКСАНДРОВСКАЯ УЛ,Александровская ул.,4.522532716029182,1.0,0.9366845419755914,5732,532,319667.2419363555,6645784.119948391,319671.7478497113,6645784.507307394
203,56,УЛ. ПОБЕДЫ,ул. Победы,1.055486072525235,1.0,0.9852231949846466,5719,531,319594.96100374067,6645798.339782773,319594.00847238454,6645798.794463831
251,55,ВЛАДИМИРСКАЯ УЛ,Владимирская ул.,17.254124416299003,1.0,0.758442258171814,6043,530,319378.5861016513,6645852.825745455,319391.65070987545,6645864.0960968835
263,54,ВЛАДИМИРСКАЯ УЛ,Владимирская ул.,3.3407099550075703,1.0,0.953230060629894,6173,529,319358.8537686038,6645846.91410295,319362.0734710372,6645847.805090741
164,53,"ЛОМОНОСОВ, ВОКЗАЛ","Ломоносов, вокзал",5.429801282578209,1.0,0.923982782043905,5669,528,319441.4427594573,6646610.546052355,319446.85299990606,6646611.006530644
0,52,АЛЕКСАНДРИЯ,Александрия,9.203854708423926,1.0,0.8711460340820649,45,505,328939.43962565047,6641448.915649536,328948.13680924725,6641445.904015598
87,51,УЛ. КРЫЛОВА,ул. Крылова,10.447848968028007,1.0,0.8537301144476079,1623,497,332433.5650522942,6639301.591690949,332442.49710272136,6639296.171725707
261,50,Ж.-Д. СТ. СТРЕЛЬНА,ж.-д. ст. Стрельна,32.9310730214517,1.0,0.5389649776996761,6074,496,333881.7885734249,6638150.793109583,333894.6652825243,6638181.102282008
245,49,УЛ. АВРОВА,ул. Аврова,21.7687143830226,1.0,0.6952379986376835,5879,488,327841.76821809943,6641800.632443448,327820.79018448654,6641806.446136906
50,48,МУЗЕЙ ДВОРЦОВАЯ ТЕЛЕГРАФНАЯ СТАНЦИЯ,музей Дворцовая телеграфная станция,9.48478770391596,1.0,0.8672129721451765,898,487,328110.1232249422,6641739.61956259,328104.8516581339,6641731.734654145
3,47,"КОНСТАНТИНОВСКАЯ УЛ., НИКОЛАЕВСКАЯ БОЛЬНИЦА","Константиновская ул., Николаевская больница",6.647546879071237,1.0,0.9069343436930026,71,486,327615.8906376789,6641898.679336451,327621.4506967362,6641895.035763646
37,46,ТОРГОВАЯ ПЛОЩАДЬ,Торговая площадь,5.498300610751219,1.0,0.923023791449483,655,485,327310.35565760697,6641998.922874263,327314.0977752591,6641994.894491822
38,45,УЛ. АВРОВА,ул. Аврова,6.837363161282824,1.0,0.9042769157420405,668,484,327769.60894696397,6641771.110881386,327766.8556551903,6641777.369389148
95,44,МУЗЕЙ ДВОРЦОВАЯ ТЕЛЕГРАФНАЯ СТАНЦИЯ,музей Дворцовая телеграфная станция,7.635419116508462,1.0,0.8931041323688815,1782,483,328055.22847945616,6641724.964657946,328062.6693011588,6641726.677491117
207,61,"ОРАНИЕНБАУМСКИЙ ПР., 49","Ораниенбаумский пр., 49",10.448400609575723,1.0,0.8537223914659398,5725,536,319533.4175113619,6644155.091453691,319538.2298505375,6644164.36563651
209,63,КВАРТАЛ ЮЖНЫЙ,Квартал Южный,4.262628563175195,1.0,0.9403232001155473,5729,538,319200.90236476896,6644435.749488459,319196.70100625866,6644436.469619652
31,42,РАЗВОДНАЯ УЛ,Разводная ул.,10.54292147769203,1.0,0.8523990993123116,535,481,326664.8698149723,6642221.734633391,326672.9625054046,6642214.977299978
212,64,"УЛ. ФЕДЮНИНСКОГО, УГОЛ УЛ. ПОБЕДЫ",ул. Федюнинского (ул. Победы),4.342833307656627,0.8,0.8792003336928073,5737,539,319393.39868560305,6645018.187110148,319389.07546731824,6645017.774818019
191,75,КВАРТАЛ ЮЖНЫЙ,Квартал Южный,11.067334016819087,1.0,0.8450573237645327,5703,550,319183.4689457265,6644446.536105137,319185.63558966597,6644457.389286066
293,73,"КРАСНОАРМЕЙСКАЯ УЛ., УГОЛ ОРАНИЕНБАУМСКОГО ПР","Красноармейская ул., угол Ораниенбаумского пр.",20.145749970458454,1.0,0.7179595004135816,7450,548,320125.888890073,6645236.1697877,320109.99222101667,6645223.794523873
199,72,УЛ. ФЕДЮНИНСКОГО ПО ОРАНИЕНБАУМСКОГО ПР,ул. Федюнинского (Ораниенбаумский пр.),2.5972866695180885,0.7894736842105263,0.9004800918899045,5712,547,319836.3786764331,6644684.82830163,319838.5386008643,6644683.385864631
189,69,"УЛ. ФЕДЮНИНСКОГО, УГОЛ УЛ. ПОБЕДЫ",ул. Федюнинского (ул. Победы),6.291553757540044,0.8,0.8519182473944393,5701,544,319355.5717577267,6644954.70322934,319349.5739782144,6644956.60330555
187,68,"ШВЕЙЦАРСКАЯ УЛ., УГОЛ УЛ. ПОБЕДЫ",Швейцарская ул. (ул. Победы),5.8724514217589645,0.7931034482758621,0.8557167145781331,5699,543,319467.3273706774,6645295.754518494,319473.1943763031,6645296.007363681
183,67,КРАСНОАРМЕЙСКАЯ УЛ,Красноармейская ул.,8.533011768479241,1.0,0.8805378352412905,5695,542,319583.39487029216,6645541.450777349,319590.8571153925,6645545.589278032
184,66,КРАСНОАРМЕЙСКАЯ УЛ,Красноармейская ул.,8.275106161443352,1.0,0.8841485137397931,5696,541,319618.14643814426,6645524.476301427,319625.38915661874,6645528.478851999
210,65,"ШВЕЙЦАРСКАЯ УЛ., УГОЛ УЛ. ПОБЕДЫ",Швейцарская ул. (ул. Победы),3.8203371152802865,0.7931034482758621,0.8844463148688346,5730,540,319529.11661951104,6645346.603701473,319526.5486190469,6645349.432190344
79,43,ФОНТАНЫ,Фонтаны,14.168469026370738,1.0,0.8016414336308095,1407,482,327087.6069074549,6642046.77748603,327076.48486403655,6642055.555052022
80,41,РАЗВОДНАЯ УЛ,Разводная ул.,15.967387686506095,1.0,0.7764565723889146,1421,480,326740.260104902,6642169.278621103,326726.85859377147,6642177.959460287
259,83,Ж.-Д. СТ. НОВЫЙ ПЕТЕРГОФ,ж.-д. ст. Новый Петергоф,14.151130708156522,1.0,0.8018841700858086,6056,558,327854.48491372284,6640338.684502061,327851.3173510085,6640352.476566692
142,20,"МАСТЕРОВОЙ ПЕР., угол БУЛЬВ. РАЗВЕДЧИКА","Мастеровой пер., угол бульвара Разведчиков",9.218162173700362,0.875,0.833445729568195,5505,329,326124.8908776498,6641991.693792921,326130.2061060495,6641999.225251008
99,18,"БЛАН-МЕНИЛЬСКАЯ УЛ., 11","Блан-Менильская ул., 11",13.53989374766947,1.0,0.8104414875326273,1841,327,325768.7401247829,6641678.8898312105,325770.53203000256,6641692.310628444
70,17,МАСТЕРОВОЙ ПЕР,Мастеровой пер.,4.587388093078138,1.0,0.935776566696906,1216,326,326279.7919078577,6642325.783727516,326276.13208580494,6642328.549560494
16,16,МАСТЕРОВОЙ ПЕР,Мастеровой пер.,8.516919839911692,1.0,0.8807631222412362,305,325,326218.24579256726,6642374.540314332,326224.6060548787,6642368.875953212
74,14,ОРАНИЕНБАУМСКИЙ СПУСК,Ораниенбаумский спуск,4.710099805994352,1.0,0.9340586027160791,1270,322,325256.7951674418,6643124.577359651,325261.1103265585,6643126.465332633
76,13,ПЛОЩАДЬ АВРОВА,площадь Аврова,15.670762828304197,1.0,0.7806093204037412,1288,321,327693.2893800836,6641498.259134702,327699.19574816246,6641512.774217332
24,12,ПЛОЩАДЬ АВРОВА,площадь Аврова,1.5161632713146151,1.0,0.9787737142015953,393,320,327662.3685824617,6641438.144778104,327661.04460571037,6641437.405970532
249,11,СОБСТВЕННЫЙ ПР,Собственный пр.,18.150963639344806,1.0,0.7458865090491726,6021,319,325306.07865304284,6643126.837588117,325323.79651612166,6643130.779010317
21,10,ОРАНИЕНБАУМСКИЙ СПУСК,Ораниенбаумский спуск,3.334399618306761,1.0,0.9533184053437054,372,318,325249.0860492677,6643131.055999903,325246.03304590774,6643132.396668131
52,9,ЭРЛЕРОВСКИЙ БУЛЬВАР,Эрлеровский бульвар,11.58352582202432,1.0,0.8378306384916594,918,247,327536.173036425,6641001.648293527,327540.0071727142,6641012.5788685065
56,8,"КОНСТАНТИНОВСКАЯ УЛ., НИКОЛАЕВСКАЯ БОЛЬНИЦА","Константиновская ул., Николаевская больница",14.982865093945906,1.0,0.7902398886847573,993,246,327473.0528814928,6641919.85642768,327460.5424995958,6641928.101219443
32,6,"РАЗВОДНАЯ УЛ., УГОЛ БУЛЬВАРА РАЗВЕДЧИКА","Разводная ул., угол бульвара Разведчиков",17.5677776070591,0.9473684210526316,0.7382616398169621,536,244,326598.6622957019,6641835.301115529,326606.24417767837,6641851.148571973
144,4,ЭРЛЕРОВСКИЙ БУЛЬВАР,Эрлеровский бульвар,15.174889562759711,1.0,0.787551546121364,5507,242,326490.9233724987,6641407.186433822,326506.0397827062,6641405.855488413
33,3,"РАЗВОДНАЯ УЛ., УГОЛ ЭРЛЕРОВСКОГО БУЛЬВАРА","Разводная ул., угол Эрлеровского бульвара",5.017672561991756,1.0,0.9297525841321153,537,241,326422.9341832533,6641357.608883614,326418.7975005511,6641354.769007884
149,2,УНИВЕРСАМ,Универсам,17.226711192155687,1.0,0.7588260433098204,5523,240,326499.1490975483,6641525.705357242,326494.6063332115,6641542.32230253
88,21,ФАБРИЧНАЯ УЛ,Фабричная ул.,9.836067260936034,1.0,0.8622950583468956,1759,330,325970.4818605145,6642430.897429753,325962.1871180318,6642436.183776914
175,40,БИЗНЕС-ПАРК МАРТЫШКИНО,бизнес-парк Мартышкино,30.723236590972004,1.0,0.5698746877263919,5687,426,321764.9028852241,6643632.712381422,321737.4996298385,6643618.820698266
8,22,Ж.-Д. СТ. СТАРЫЙ ПЕТЕРГОФ,ж.-д. ст. Старый Петергоф,9.561544565192087,1.0,0.8661383760873107,184,331,324398.8756842695,6642114.413972022,324407.9107906632,6642111.285076542
85,39,УЛ. ГОГОЛЯ,ул. Гоголя,5.749726046778238,1.0,0.9195038353451046,1580,348,333456.0348273853,6638864.9871501755,333461.71766857,6638864.112698529
40,38,УЛ. ГОГОЛЯ,ул. Гоголя,15.377916253525006,1.0,0.7847091724506499,701,347,333364.98419214424,6638910.389767668,333379.3456830733,6638915.887756991
73,37,НАГОРНАЯ УЛ,Нагорная ул.,10.0395408846043,1.0,0.8594464276155398,1237,346,332655.34208006103,6639199.394528936,332648.6044178371,6639206.837397262
19,36,НАГОРНАЯ УЛ,Нагорная ул.,5.38705259566092,1.0,0.9245812636607471,331,345,332565.80837356526,6639268.460255141,332569.33803727804,6639264.3906347975
43,35,УЛ. КРЫЛОВА,ул. Крылова,17.205243693033097,1.0,0.7591265882975365,742,344,332277.73227418994,6639397.3741290085,332266.1058756185,6639410.0566865895
7,34,ГОФМЕЙСТЕРСКАЯ УЛ,Гофмейстерская ул.,12.806943382878451,1.0,0.8207027926397017,166,343,331504.0820437094,6639853.928009083,331510.7472918193,6639842.992184173
110,33,ЖЕЛЕЗНОДОРОЖНЫЙ ПЕРЕЕЗД,Железнодорожный переезд,3.6331284673588877,1.0,0.9491362014569755,2231,342,324709.7575407062,6641902.423104193,324712.65332594106,6641900.229009771
96,32,"ШУВАЛОВКА, УЛ. МАКАРОВА","Шуваловка, ул. Макарова",15.59531119281017,1.0,0.7816656433006576,1796,341,330762.3744279307,6640516.402887237,330772.59810732736,6640504.626210677
51,31,"ШУВАЛОВКА, УЛ. МАКАРОВА","Шуваловка, ул. Макарова",13.754578428346255,1.0,0.8074359020031525,914,340,330714.28226626856,6640599.280614073,330702.87386269297,6640606.964152034
65,30,МОРСКОЙ ПЕР,Морской пер.,7.438982304846107,1.0,0.8958542477321545,1114,339,330359.39905045455,6640896.161372246,330357.30916312826,6640903.300757983
10,29,"ЗНАМЕНКА, МОСТОВАЯ УЛ","Знаменка, Мостовая ул.",12.197190586811795,1.0,0.8292393317846347,205,338,329426.57492012356,6641291.498681032,329417.3646162284,6641283.5023218375
54,28,АЛЕКСАНДРИЯ,Александрия,2.9626186730483357,1.0,0.9585233385773233,971,337,329088.2326559009,6641373.232720517,329090.481742793,6641371.304322852
64,26,Ж.-Д. СТ. СТАРЫЙ ПЕТЕРГОФ,ж.-д. ст. Старый Петергоф,0.3736784052291451,1.0,0.994768502326792,1096,335,324503.89550383866,6642051.328215768,324503.645139242,6642051.60562002
121,25,УНИВЕРСИТЕТСКИЙ ПР,Университетский пр.,11.950523990874958,1.0,0.8326926641277506,4126,334,324727.7081171186,6641323.485132419,324715.8112555813,6641322.353890084
109,24,"ЧЕБЫШЁВСКАЯ УЛ., ПОЧТА","Чебышёвская ул., почта",3.0160809021215775,1.0,0.9577748673702979,1937,333,324294.9254824979,6641469.400181866,324295.990171887,6641472.222092657
273,23,"ЧЕБЫШЁВСКАЯ УЛ., 7","Чебышевская ул., 7",23.761483953576544,0.9375,0.6485892246499283,6533,332,324167.0669502063,6641179.895503266,324181.5544244778,6641198.729547147
247,82,Ж.-Д. СТ. НОВЫЙ ПЕТЕРГОФ,ж.-д. ст. Новый Петергоф,3.3106527842693665,1.0,0.9536508610202288,5892,557,327914.6926168722,6640299.174940043,327917.2953757421,6640297.128951743
224,81,ЖЕЛЕЗНОДОРОЖНЫЙ ПЕРЕЕЗД,Железнодорожный переезд,4.827991591831768,1.0,0.9324081177143551,5785,556,327704.644964598,6640242.772866781,327700.87581738614,6640239.75574363
219,84,МЕЛЬНИЧНАЯ УЛ,Мельничная ул.,18.98706596733965,1.0,0.7341810764572448,5762,559,326594.50279173354,6639183.758640857,326600.2306380565,6639201.861139319
248,125,ДОСААФ,ДОСААФ,7.656278397771225,1.0,0.8928121024312028,5963,1169,317038.7707527736,6647199.124865179,317031.648390242,6647196.315852742
122,143,УНИВЕРСИТЕТСКИЙ ПР,Университетский пр.,2.467622560733667,1.0,0.9654532841497285,4127,1215,324023.0145422728,6641599.306023064,324025.04381092556,6641600.710027992
272,142,ТИМЯШКИНО,Тимяшкино,2.3663153051002164,1.0,0.966871585728597,6532,1214,322615.90105293214,6641243.5157397315,322615.43664519663,6641241.195443721
240,141,"ГОСТИЛИЦКОЕ ШОССЕ, 25","Гостилицкое шоссе, 25",4.215236890490921,1.0,0.9409866835331271,5803,1213,323044.3399787047,6641195.112049596,323040.49447404325,6641193.385690439
62,140,"ГОСТИЛИЦКОЕ ШОССЕ, УГОЛ ЧИЧЕРИНСКОЙ УЛ","Гостилицкое шоссе, угол Чичеринской ул.",12.97553130513644,1.0,0.8183425617280897,1047,1212,323613.15864161355,6641098.008522237,323622.0166636233,6641107.49007584
238,139,ТРОИЦКАЯ ГОРА,Троицкая Гора,1.713406543216315,1.0,0.9760123083949714,5801,1211,323369.442179245,6641121.85637729,323368.57535694254,6641120.378412108
233,138,КЛАДБИЩЕ ИЛИКИ,кладбище Илики,11.483736851241696,1.0,0.839227684082616,5796,1205,317338.88745240116,6642010.458954781,317330.6262077354,6642002.482235616
198,137,МАЛАЯ ИЖОРА,Малая Ижора,27.09475551423749,1.0,0.6206734228006752,5710,1181,313178.59152516164,6648067.290115911,313153.6234567276,6648077.812536499
253,136,МАЛАЯ ИЖОРА,Малая Ижора,25.900437975809346,1.0,0.6373938683386691,6046,1180,313213.10690947284,6648042.255086524,313236.91593277984,6648032.058857
196,135,"КРАСНОФЛОТСКОЕ ШОССЕ, 62","Краснофлотское шоссе, 62",22.670617329381127,1.0,0.6826113573886642,5708,1179,314455.44065737043,6647857.878928933,314433.2740534306,6647853.125134673
190,134,ЖЕЛЕЗНОДОРОЖНАЯ ПЛАТФОРМА КРОНШТАДТСКАЯ КОЛОНИЯ,Железнодорожная платформа Кронштадтская колония,8.910299998533313,1.0,0.8752558000205335,5702,1178,315676.5070685806,6647618.092044095,315668.4295011704,6647614.330880605
188,133,ЖЕЛЕЗНОДОРОЖНАЯ ПЛАТФОРМА КРОНШТАДТСКАЯ КОЛОНИЯ,Железнодорожная платформа Кронштадтская колония,19.16874310529442,1.0,0.7316375965258781,5700,1177,315639.8052476112,6647648.94104262,315657.80412361084,6647642.347016916
185,132,УЛ. ПУЛЕМЁТЧИКОВ,ул. Пулемётчиков,29.955351167402863,1.0,0.5806250836563598,5697,1176,316341.48945313704,6647616.300527461,316370.4996889569,6647608.835322759
186,131,УЛ. ПУЛЕМЁТЧИКОВ,ул. Пулемётчиков,20.302930368974845,1.0,0.715758974834352,5698,1175,316440.1583371527,6647562.144612714,316455.0712100961,6647575.921956512
166,130,БОЛЬШОЙ МЕНШИКОВСКИЙ ДВОРЕЦ,Большой Меншиковский дворец,24.209815742695497,1.0,0.6610625796022631,5671,1174,318365.85763825744,6646628.472754814,318389.8845010676,6646625.502057623
165,129,БОЛЬШОЙ МЕНШИКОВСКИЙ ДВОРЕЦ,Большой Меншиковский дворец,5.420665748759903,1.0,0.9241106795173613,5670,1173,318293.1224619417,6646674.436463399,318295.6306445295,6646669.630983478
167,128,ТРОИЦКАЯ СЛОБОДА,Троицкая слобода,45.72551658429221,1.0,0.3598427678199091,5672,1172,317992.8429260367,6646787.350306117,317948.2294878362,6646797.373479209
270,144,Ж.-Д. СТ. СТАРЫЙ ПЕТЕРГОФ,ж.-д. ст. Старый Петергоф,12.928024789391532,1.0,0.8190076529485184,6311,1216,324500.5151877895,6642239.570998409,324488.7052853909,6642244.830278805
82,145,РОПШИНСКОЕ ШОССЕ,Ропшинское шоссе,44.27028801952753,1.0,0.3802159677266146,1426,1217,329796.46438623196,6641130.351971735,329839.7581847381,6641121.105058075
35,146,РОПШИНСКОЕ ШОССЕ,Ропшинское шоссе,13.405855899818908,1.0,0.8123180174025353,544,1218,329780.273620251,6641166.652004429,329766.86924225884,6641166.452949034
202,159,РЫНОК,Рынок,48.99433891866491,1.0,0.3140792551386913,5718,1309,319336.77734491875,6646394.540991867,319385.3044438298,6646387.790738734
200,158,"ШВЕЙЦАРСКАЯ УЛ., УГОЛ ОРАНИЕНБАУМСКОГО ПР",Швейцарская ул. (Ораниенбаумский пр.),4.988883931017792,0.7435897435897436,0.853232548042674,5714,1256,319993.45349858026,6644976.336148438,319991.60587817867,6644980.970289322
252,157,ОРАНИЕНБАУМСКИЙ ПР,Ораниенбаумский пр.,11.047619656525113,1.0,0.8453333248086483,6044,1255,320120.8062713193,6645272.326256681,320116.5677357749,6645262.124064931
246,155,"САНКТ-ПЕТЕРБУРГСКОЕ ШОССЕ, 47","Санкт-Петербургское шоссе, 47",2.0396812109247726,1.0,0.9714444630470531,5880,1228,336140.1952994737,6638512.44569618,336142.215967102,6638512.72354826
66,147,"ЗНАМЕНКА, МОСТОВАЯ УЛ","Знаменка, Мостовая ул.",7.474492456960378,1.0,0.8953571056025547,1115,1219,329365.3088447647,6641277.880550664,329372.52020357864,6641279.846343518
67,154,КОНСТАНТИНОВСКИЙ ДВОРЕЦ,Константиновский дворец,6.772526206800491,1.0,0.905184633104793,1154,1227,335507.0869567726,6638515.611050859,335501.1867340697,6638518.935879167
78,153,ПОЧТОВЫЙ ПЕР,Почтовый пер.,7.2247495448951,1.0,0.8988535063714687,1308,1225,335025.09147038823,6638519.426411535,335031.6192126143,6638522.522471517
63,152,ГОФМЕЙСТЕРСКАЯ УЛ,Гофмейстерская ул.,19.070496500106888,1.0,0.7330130489985036,1078,1224,331590.5020250356,6639728.765773989,331576.8432678643,6639742.074500048
257,151,КРОПОТКИНСКАЯ УЛ,Кропоткинская ул.,32.3673256338545,1.0,0.546857441126037,6051,1223,333173.8008385059,6638965.653527857,333199.8406401513,6638946.429259367
89,150,ФРОНТОВАЯ УЛ,Фронтовая ул.,11.844982880552442,1.0,0.8341702396722659,1761,1222,334086.356226672,6638692.518099042,334075.54941509326,6638697.3674745625
83,148,ГОЛЬФ-КЛУБ,Гольф-клуб,3.7397065360238755,1.0,0.9476441084956657,1475,1220,331155.4409872162,6640147.434742081,331154.0455430283,6640150.904344435
250,126,ДОСААФ,ДОСААФ,5.239725623376354,1.0,0.9266438412727309,6042,1170,316965.6341608438,6647305.462009301,316969.72225521784,6647302.184478371
168,127,ТРОИЦКАЯ СЛОБОДА,Троицкая слобода,13.992642796153639,1.0,0.804103000853849,5673,1171,317998.176554946,6646748.135549903,317992.7115659895,6646761.016852171
27,104,ПОЧТОВЫЙ ПЕР,Почтовый пер.,10.903006424275956,1.0,0.8473579100601365,420,731,334939.171185015,6638541.229068605,334949.19148864143,6638545.526633535
127,123,УЛ. БР. ГОРКУШЕНКО,ул. Братьев Горкушенко,14.648503495398506,0.7619047619047619,0.7234923796358494,5466,1155,326995.5666875404,6640760.332409508,326981.038361605,6640758.459871078
255,100,УЛ. АННЫ ПАВЛОВОЙ,ул. Анны Павловой,10.56856396216466,1.0,0.8520401045296946,6049,720,322178.6760958787,6644695.309330914,322169.12781310116,6644699.839765796
14,99,ЛЕСНАЯ УЛ,Лесная ул.,6.357914884276575,1.0,0.910989191620128,285,719,321609.5055452405,6645500.099923315,321612.3401365744,6645494.408862461
256,98,УЛ. АННЫ ПАВЛОВОЙ,ул. Анны Павловой,15.037777226907453,1.0,0.7894711188232956,6050,718,322188.3728028515,6644650.143518318,322197.6864994435,6644661.949864058
94,96,ГОРСКАЯ УЛ,Горская ул.,3.2087290306791934,1.0,0.9550777935704913,1781,716,321861.14848723414,6644927.96265517,321861.1797140809,6644931.17123225
280,95,"БУЛЬВАР РАЗВЕДЧИКА, 10","бульвар Разведчиков, 10",13.197770761785247,0.9090909090909091,0.7879584820622793,6713,715,326247.60231226333,6641874.308076376,326238.34422702086,6641883.713873032
69,94,ЛЕСНАЯ УЛ,Лесная ул.,17.119844894685503,1.0,0.7603221714744028,1200,714,321653.079676608,6645437.646800571,321650.95769172744,6645454.634627665
58,93,"БОТАНИЧЕСКАЯ УЛ., 17","Ботаническая ул., 17",4.461684599598497,1.0,0.937536415605621,1004,668,323017.70029732864,6641696.52473421,323016.96289982926,6641700.925060834
4,92,"БОТАНИЧЕСКАЯ УЛ., 17","Ботаническая ул., 17",9.051143012701884,1.0,0.8732839978221736,80,667,322967.88969613134,6641748.609511765,322972.889687011,6641741.0647598775
59,91,"БОТАНИЧЕСКАЯ УЛ., УГОЛ УЛЬЯНОВСКОЙ УЛ","Ботаническая ул., угол Ульяновской ул.",0.25128276589025755,1.0,0.9964820412775364,1005,666,322278.03193406644,6642136.061417479,322278.0829886202,6642136.307459063
197,89,"КРАСНОФЛОТСКОЕ ШОССЕ, 62","Краснофлотское шоссе, 62",12.65296038982115,1.0,0.8228585545425038,5709,663,314198.0645278864,6647873.0994746275,314189.7527772888,6647882.639506526
111,88,ЖЕЛЕЗНОДОРОЖНЫЙ ПЕРЕЕЗД,Железнодорожный переезд,3.0188672377050074,1.0,0.9577358586721298,2232,566,324823.03984633565,6642007.165352381,324823.07609663496,6642010.184001965
60,86,"БУЛЬВАР КРАСНЫХ КУРСАНТОВ,27","бульвар Красного Курсанта, 27",12.689967247626722,0.8214285714285714,0.7687690299617973,1016,563,325034.07402000984,6642849.983457231,325041.195782352,6642860.486588663
25,103,ПОС. ПРОСВЕЩЕНИЯ,посёлок Просвещение,0.5337139981987803,0.736842105263158,0.9135806356041644,414,730,324408.2188402866,6643801.382634346,324408.7332630051,6643801.240437657
28,102,ПР. БУДЁННОГО,пр. Будённого,17.610924455614338,1.0,0.7534470576213992,424,729,336955.4510384146,6638588.205413495,336968.0368401662,6638600.523784104
123,105,УНИВЕРСИТЕТСКИЙ ПР,Университетский пр.,5.2583548699143785,1.0,0.9263830318211987,4128,732,323963.87009181926,6641552.028931613,323959.01467227086,6641554.047643318
77,106,ПОС. ПРОСВЕЩЕНИЯ,посёлок Просвещение,6.210676356564333,0.736842105263158,0.8341031625870468,1305,733,324513.85249227355,6643752.429616849,324509.933972419,6643757.248092018
22,121,ОРЛОВСКИЙ ПРУД,Орловский пруд,22.180170970600297,1.0,0.6894776064115957,374,1126,334611.56839581346,6638544.73223446,334632.1203303186,6638553.073575622
75,120,ОРЛОВСКИЙ ПРУД,Орловский пруд,12.125416791707144,1.0,0.8302441649160999,1271,1125,334714.05512327404,6638522.565934068,334702.78115299833,6638527.029489444
48,119,ЧЕБЫШЁВСКАЯ УЛ,Чебышёвская ул.,12.888569576186434,1.0,0.81956002593339,887,1018,324014.6594673568,6640797.461104868,324005.4051975531,6640806.4318192275
6,118,"ГОСТИЛИЦКОЕ ШОССЕ, УГОЛ ЧИЧЕРИНСКОЙ УЛ","Гостилицкое шоссе, угол Чичеринской ул.",2.180869784619202,1.0,0.9694678230153311,125,1017,323634.69536838867,6641148.224342737,323633.53083753155,6641146.380417332
26,117,УЛ. ЛОМОНОСОВА,ул. Ломоносова,20.70615187633348,1.0,0.7101138737313313,419,960,319589.359006053,6646379.918171834,319608.20171628706,6646371.33347635
23,115,ООО ПАРУС,ООО Парус,5.818131283656591,1.0,0.9185461620288076,381,952,321807.2831448235,6645076.4882995095,321812.3303168731,6645079.382553461
20,113,"ОЗЕРКОВАЯ УЛ., 51","Озерковая ул., 51",13.413504303776548,1.0,0.8122109397471282,361,921,325941.3618578478,6641346.940314815,325954.7627889354,6641347.520955576
86,112,УЛ. ЖАРНОВЕЦКОГО,ул. Жарновецкого,7.808897340810816,1.0,0.8906754372286485,1593,796,326917.57834245136,6641305.025313425,326910.1749978676,6641307.509134403
41,111,УЛ. ЖАРНОВЕЦКОГО,ул. Жарновецкого,9.587943165749767,1.0,0.8657687956795033,715,795,326885.54936415574,6641319.903765027,326883.0265846444,6641329.153858956
156,109,"САНКТ-ПЕТЕРБУРГСКИЙ ПР., УГОЛ МАСТЕРОВОГО ПЕР","Санкт-Петербургский пр., угол Мастерового пер.",18.250976083876495,1.0,0.7444863348257291,5546,793,326235.798599471,6642320.202842391,326230.7100866288,6642302.6755732065
11,108,КОНСТАНТИНОВСКИЙ ДВОРЕЦ,Константиновский дворец,12.504577713941696,1.0,0.8249359120048161,242,735,335435.5989775718,6638537.144339789,335445.7676484096,6638544.42188039
244,107,"САНКТ-ПЕТЕРБУРГСКОЕ ШОССЕ, 47","Санкт-Петербургское шоссе, 47",2.4011628146418333,1.0,0.9663837205950143,5876,734,336066.60482463834,6638534.82446815,336066.20459001977,6638537.192039714
